{
  "group": "default",
  "location": {
    "world": "lobby",
    "x": -176.98209662008372,
    "y": 4.5,
    "z": 32.94710679657309,
    "yaw": -20.56312,
    "pitch": 8.893019
  },
  "operator": false,
  "can-fly": false,
  "walk-speed": 0.2,
  "fly-speed": 0.2
}