{
  "group": "dono",
  "location": {
    "world": "skywars",
    "x": -196.07830532779337,
    "y": 106.48029171025219,
    "z": 198.37430361349936,
    "yaw": -94.433685,
    "pitch": 57.14997
  },
  "operator": true,
  "can-fly": true,
  "walk-speed": 0.2,
  "fly-speed": 0.2
}