{
  "group": "dono",
  "location": {
    "world": "lobby",
    "x": -173.87130173544858,
    "y": 4.0,
    "z": 21.39056914535304,
    "yaw": 49.30777,
    "pitch": 17.37931
  },
  "operator": true,
  "can-fly": false,
  "walk-speed": 0.2,
  "fly-speed": 0.2
}