{
  "group": "default",
  "location": {
    "world": "lobby",
    "x": -133.63419692086973,
    "y": 9.0625,
    "z": -34.45649287673645,
    "yaw": 267.20532,
    "pitch": 4.3237724
  },
  "operator": true,
  "can-fly": false,
  "walk-speed": 1.0E-4,
  "fly-speed": 1.0E-4
}