{
  "group": "default",
  "location": {
    "world": "world",
    "x": 220.38009735575767,
    "y": 63.0,
    "z": 257.8920201017983,
    "yaw": -192.5581,
    "pitch": 20.609306
  },
  "operator": false,
  "can-fly": false,
  "walk-speed": 0.2,
  "fly-speed": 0.1
}